<?xml version="1.0" encoding="UTF-8"?>
<project-private xmlns="http://www.netbeans.org/ns/project-private/1">
    <editor-bookmarks xmlns="http://www.netbeans.org/ns/editor-bookmarks/2" lastBookmarkId="0"/>
    <open-files xmlns="http://www.netbeans.org/ns/projectui-open-files/2">
        <group>
            <file>file:/C:/Users/user/Documents/CG_nedded/CG_nedded/src/cg_nedded/Login.java</file>
            <file>file:/C:/Users/user/Documents/CG_nedded/CG_nedded/src/cg_nedded/Newacount.java</file>
            <file>file:/C:/Users/user/Documents/CG_nedded/CG_nedded/src/cg_nedded/CG_nedded.java</file>
            <file>file:/C:/Users/user/Documents/CG_nedded/CG_nedded/src/cg_nedded/Crud_panel.java</file>
            <file>file:/C:/Users/user/Documents/CG_nedded/CG_nedded/src/cg_nedded/Datashow.java</file>
            <file>file:/C:/Users/user/Documents/CG_nedded/CG_nedded/src/cg_nedded/Mysqlconnect.java</file>
            <file>file:/C:/Users/user/Documents/CG_nedded/CG_nedded/src/connect/Databaseconnection.java</file>
        </group>
    </open-files>
</project-private>
